index	codepoint	glyph	n_faces	faces
0	U+0021	!	19	Liberation Sans,Liberation Serif,Liberation Mono,Noto Sans,Noto Serif,Open Sans Condensed,Roboto,Roboto Condensed,Roboto Mono,Lato,PT Sans,PT Mono,Inconsolata,Fira Code,Inter,JetBrains Mono,Cascadia Code,Cascadia Mono,STIX Two Math
1	U+0022	"	19	Liberation Sans,Liberation Serif,Liberation Mono,Noto Sans,Noto Serif,Open Sans Condensed,Roboto,Roboto Condensed,Roboto Mono,Lato,PT Sans,PT Mono,Inconsolata,Fira Code,Inter,JetBrains Mono,Cascadia Code,Cascadia Mono,STIX Two Math
2	U+0023	#	19	Liberation Sans,Liberation Serif,Liberation Mono,Noto Sans,Noto Serif,Open Sans Condensed,Roboto,Roboto Condensed,Roboto Mono,Lato,PT Sans,PT Mono,Inconsolata,Fira Code,Inter,JetBrains Mono,Cascadia Code,Cascadia Mono,STIX Two Math
3	U+0024	$	19	Liberation Sans,Liberation Serif,Liberation Mono,Noto Sans,Noto Serif,Open Sans Condensed,Roboto,Roboto Condensed,Roboto Mono,Lato,PT Sans,PT Mono,Inconsolata,Fira Code,Inter,JetBrains Mono,Cascadia Code,Cascadia Mono,STIX Two Math
4	U+0025	%	19	Liberation Sans,Liberation Serif,Liberation Mono,Noto Sans,Noto Serif,Open Sans Condensed,Roboto,Roboto Condensed,Roboto Mono,Lato,PT Sans,PT Mono,Inconsolata,Fira Code,Inter,JetBrains Mono,Cascadia Code,Cascadia Mono,STIX Two Math
5	U+0026	&	19	Liberation Sans,Liberation Serif,Liberation Mono,Noto Sans,Noto Serif,Open Sans Condensed,Roboto,Roboto Condensed,Roboto Mono,Lato,PT Sans,PT Mono,Inconsolata,Fira Code,Inter,JetBrains Mono,Cascadia Code,Cascadia Mono,STIX Two Math
6	U+0027	'	19	Liberation Sans,Liberation Serif,Liberation Mono,Noto Sans,Noto Serif,Open Sans Condensed,Roboto,Roboto Condensed,Roboto Mono,Lato,PT Sans,PT Mono,Inconsolata,Fira Code,Inter,JetBrains Mono,Cascadia Code,Cascadia Mono,STIX Two Math
7	U+0028	(	19	Liberation Sans,Liberation Serif,Liberation Mono,Noto Sans,Noto Serif,Open Sans Condensed,Roboto,Roboto Condensed,Roboto Mono,Lato,PT Sans,PT Mono,Inconsolata,Fira Code,Inter,JetBrains Mono,Cascadia Code,Cascadia Mono,STIX Two Math
8	U+0029	)	19	Liberation Sans,Liberation Serif,Liberation Mono,Noto Sans,Noto Serif,Open Sans Condensed,Roboto,Roboto Condensed,Roboto Mono,Lato,PT Sans,PT Mono,Inconsolata,Fira Code,Inter,JetBrains Mono,Cascadia Code,Cascadia Mono,STIX Two Math
9	U+002A	*	19	Liberation Sans,Liberation Serif,Liberation Mono,Noto Sans,Noto Serif,Open Sans Condensed,Roboto,Roboto Condensed,Roboto Mono,Lato,PT Sans,PT Mono,Inconsolata,Fira Code,Inter,JetBrains Mono,Cascadia Code,Cascadia Mono,STIX Two Math
10	U+002B	+	19	Liberation Sans,Liberation Serif,Liberation Mono,Noto Sans,Noto Serif,Open Sans Condensed,Roboto,Roboto Condensed,Roboto Mono,Lato,PT Sans,PT Mono,Inconsolata,Fira Code,Inter,JetBrains Mono,Cascadia Code,Cascadia Mono,STIX Two Math
11	U+002C	,	19	Liberation Sans,Liberation Serif,Liberation Mono,Noto Sans,Noto Serif,Open Sans Condensed,Roboto,Roboto Condensed,Roboto Mono,Lato,PT Sans,PT Mono,Inconsolata,Fira Code,Inter,JetBrains Mono,Cascadia Code,Cascadia Mono,STIX Two Math
12	U+002D	-	19	Liberation Sans,Liberation Serif,Liberation Mono,Noto Sans,Noto Serif,Open Sans Condensed,Roboto,Roboto Condensed,Roboto Mono,Lato,PT Sans,PT Mono,Inconsolata,Fira Code,Inter,JetBrains Mono,Cascadia Code,Cascadia Mono,STIX Two Math
13	U+002E	.	19	Liberation Sans,Liberation Serif,Liberation Mono,Noto Sans,Noto Serif,Open Sans Condensed,Roboto,Roboto Condensed,Roboto Mono,Lato,PT Sans,PT Mono,Inconsolata,Fira Code,Inter,JetBrains Mono,Cascadia Code,Cascadia Mono,STIX Two Math
14	U+002F	/	19	Liberation Sans,Liberation Serif,Liberation Mono,Noto Sans,Noto Serif,Open Sans Condensed,Roboto,Roboto Condensed,Roboto Mono,Lato,PT Sans,PT Mono,Inconsolata,Fira Code,Inter,JetBrains Mono,Cascadia Code,Cascadia Mono,STIX Two Math
15	U+0030	0	19	Liberation Sans,Liberation Serif,Liberation Mono,Noto Sans,Noto Serif,Open Sans Condensed,Roboto,Roboto Condensed,Roboto Mono,Lato,PT Sans,PT Mono,Inconsolata,Fira Code,Inter,JetBrains Mono,Cascadia Code,Cascadia Mono,STIX Two Math
16	U+0031	1	19	Liberation Sans,Liberation Serif,Liberation Mono,Noto Sans,Noto Serif,Open Sans Condensed,Roboto,Roboto Condensed,Roboto Mono,Lato,PT Sans,PT Mono,Inconsolata,Fira Code,Inter,JetBrains Mono,Cascadia Code,Cascadia Mono,STIX Two Math
17	U+0032	2	19	Liberation Sans,Liberation Serif,Liberation Mono,Noto Sans,Noto Serif,Open Sans Condensed,Roboto,Roboto Condensed,Roboto Mono,Lato,PT Sans,PT Mono,Inconsolata,Fira Code,Inter,JetBrains Mono,Cascadia Code,Cascadia Mono,STIX Two Math
18	U+0033	3	19	Liberation Sans,Liberation Serif,Liberation Mono,Noto Sans,Noto Serif,Open Sans Condensed,Roboto,Roboto Condensed,Roboto Mono,Lato,PT Sans,PT Mono,Inconsolata,Fira Code,Inter,JetBrains Mono,Cascadia Code,Cascadia Mono,STIX Two Math
19	U+0034	4	19	Liberation Sans,Liberation Serif,Liberation Mono,Noto Sans,Noto Serif,Open Sans Condensed,Roboto,Roboto Condensed,Roboto Mono,Lato,PT Sans,PT Mono,Inconsolata,Fira Code,Inter,JetBrains Mono,Cascadia Code,Cascadia Mono,STIX Two Math
20	U+0035	5	19	Liberation Sans,Liberation Serif,Liberation Mono,Noto Sans,Noto Serif,Open Sans Condensed,Roboto,Roboto Condensed,Roboto Mono,Lato,PT Sans,PT Mono,Inconsolata,Fira Code,Inter,JetBrains Mono,Cascadia Code,Cascadia Mono,STIX Two Math
21	U+0036	6	19	Liberation Sans,Liberation Serif,Liberation Mono,Noto Sans,Noto Serif,Open Sans Condensed,Roboto,Roboto Condensed,Roboto Mono,Lato,PT Sans,PT Mono,Inconsolata,Fira Code,Inter,JetBrains Mono,Cascadia Code,Cascadia Mono,STIX Two Math
22	U+0037	7	19	Liberation Sans,Liberation Serif,Liberation Mono,Noto Sans,Noto Serif,Open Sans Condensed,Roboto,Roboto Condensed,Roboto Mono,Lato,PT Sans,PT Mono,Inconsolata,Fira Code,Inter,JetBrains Mono,Cascadia Code,Cascadia Mono,STIX Two Math
23	U+0038	8	19	Liberation Sans,Liberation Serif,Liberation Mono,Noto Sans,Noto Serif,Open Sans Condensed,Roboto,Roboto Condensed,Roboto Mono,Lato,PT Sans,PT Mono,Inconsolata,Fira Code,Inter,JetBrains Mono,Cascadia Code,Cascadia Mono,STIX Two Math
24	U+0039	9	19	Liberation Sans,Liberation Serif,Liberation Mono,Noto Sans,Noto Serif,Open Sans Condensed,Roboto,Roboto Condensed,Roboto Mono,Lato,PT Sans,PT Mono,Inconsolata,Fira Code,Inter,JetBrains Mono,Cascadia Code,Cascadia Mono,STIX Two Math
25	U+003A	:	19	Liberation Sans,Liberation Serif,Liberation Mono,Noto Sans,Noto Serif,Open Sans Condensed,Roboto,Roboto Condensed,Roboto Mono,Lato,PT Sans,PT Mono,Inconsolata,Fira Code,Inter,JetBrains Mono,Cascadia Code,Cascadia Mono,STIX Two Math
26	U+003B	;	19	Liberation Sans,Liberation Serif,Liberation Mono,Noto Sans,Noto Serif,Open Sans Condensed,Roboto,Roboto Condensed,Roboto Mono,Lato,PT Sans,PT Mono,Inconsolata,Fira Code,Inter,JetBrains Mono,Cascadia Code,Cascadia Mono,STIX Two Math
27	U+003C	<	19	Liberation Sans,Liberation Serif,Liberation Mono,Noto Sans,Noto Serif,Open Sans Condensed,Roboto,Roboto Condensed,Roboto Mono,Lato,PT Sans,PT Mono,Inconsolata,Fira Code,Inter,JetBrains Mono,Cascadia Code,Cascadia Mono,STIX Two Math
28	U+003D	=	19	Liberation Sans,Liberation Serif,Liberation Mono,Noto Sans,Noto Serif,Open Sans Condensed,Roboto,Roboto Condensed,Roboto Mono,Lato,PT Sans,PT Mono,Inconsolata,Fira Code,Inter,JetBrains Mono,Cascadia Code,Cascadia Mono,STIX Two Math
29	U+003E	>	19	Liberation Sans,Liberation Serif,Liberation Mono,Noto Sans,Noto Serif,Open Sans Condensed,Roboto,Roboto Condensed,Roboto Mono,Lato,PT Sans,PT Mono,Inconsolata,Fira Code,Inter,JetBrains Mono,Cascadia Code,Cascadia Mono,STIX Two Math
30	U+003F	?	19	Liberation Sans,Liberation Serif,Liberation Mono,Noto Sans,Noto Serif,Open Sans Condensed,Roboto,Roboto Condensed,Roboto Mono,Lato,PT Sans,PT Mono,Inconsolata,Fira Code,Inter,JetBrains Mono,Cascadia Code,Cascadia Mono,STIX Two Math
31	U+0040	@	19	Liberation Sans,Liberation Serif,Liberation Mono,Noto Sans,Noto Serif,Open Sans Condensed,Roboto,Roboto Condensed,Roboto Mono,Lato,PT Sans,PT Mono,Inconsolata,Fira Code,Inter,JetBrains Mono,Cascadia Code,Cascadia Mono,STIX Two Math
32	U+0041	A	19	Liberation Sans,Liberation Serif,Liberation Mono,Noto Sans,Noto Serif,Open Sans Condensed,Roboto,Roboto Condensed,Roboto Mono,Lato,PT Sans,PT Mono,Inconsolata,Fira Code,Inter,JetBrains Mono,Cascadia Code,Cascadia Mono,STIX Two Math
33	U+0042	B	19	Liberation Sans,Liberation Serif,Liberation Mono,Noto Sans,Noto Serif,Open Sans Condensed,Roboto,Roboto Condensed,Roboto Mono,Lato,PT Sans,PT Mono,Inconsolata,Fira Code,Inter,JetBrains Mono,Cascadia Code,Cascadia Mono,STIX Two Math
34	U+0043	C	19	Liberation Sans,Liberation Serif,Liberation Mono,Noto Sans,Noto Serif,Open Sans Condensed,Roboto,Roboto Condensed,Roboto Mono,Lato,PT Sans,PT Mono,Inconsolata,Fira Code,Inter,JetBrains Mono,Cascadia Code,Cascadia Mono,STIX Two Math
35	U+0044	D	19	Liberation Sans,Liberation Serif,Liberation Mono,Noto Sans,Noto Serif,Open Sans Condensed,Roboto,Roboto Condensed,Roboto Mono,Lato,PT Sans,PT Mono,Inconsolata,Fira Code,Inter,JetBrains Mono,Cascadia Code,Cascadia Mono,STIX Two Math
36	U+0045	E	19	Liberation Sans,Liberation Serif,Liberation Mono,Noto Sans,Noto Serif,Open Sans Condensed,Roboto,Roboto Condensed,Roboto Mono,Lato,PT Sans,PT Mono,Inconsolata,Fira Code,Inter,JetBrains Mono,Cascadia Code,Cascadia Mono,STIX Two Math
37	U+0046	F	19	Liberation Sans,Liberation Serif,Liberation Mono,Noto Sans,Noto Serif,Open Sans Condensed,Roboto,Roboto Condensed,Roboto Mono,Lato,PT Sans,PT Mono,Inconsolata,Fira Code,Inter,JetBrains Mono,Cascadia Code,Cascadia Mono,STIX Two Math
38	U+0047	G	19	Liberation Sans,Liberation Serif,Liberation Mono,Noto Sans,Noto Serif,Open Sans Condensed,Roboto,Roboto Condensed,Roboto Mono,Lato,PT Sans,PT Mono,Inconsolata,Fira Code,Inter,JetBrains Mono,Cascadia Code,Cascadia Mono,STIX Two Math
39	U+0048	H	19	Liberation Sans,Liberation Serif,Liberation Mono,Noto Sans,Noto Serif,Open Sans Condensed,Roboto,Roboto Condensed,Roboto Mono,Lato,PT Sans,PT Mono,Inconsolata,Fira Code,Inter,JetBrains Mono,Cascadia Code,Cascadia Mono,STIX Two Math
40	U+0049	I	19	Liberation Sans,Liberation Serif,Liberation Mono,Noto Sans,Noto Serif,Open Sans Condensed,Roboto,Roboto Condensed,Roboto Mono,Lato,PT Sans,PT Mono,Inconsolata,Fira Code,Inter,JetBrains Mono,Cascadia Code,Cascadia Mono,STIX Two Math
41	U+004A	J	19	Liberation Sans,Liberation Serif,Liberation Mono,Noto Sans,Noto Serif,Open Sans Condensed,Roboto,Roboto Condensed,Roboto Mono,Lato,PT Sans,PT Mono,Inconsolata,Fira Code,Inter,JetBrains Mono,Cascadia Code,Cascadia Mono,STIX Two Math
42	U+004B	K	19	Liberation Sans,Liberation Serif,Liberation Mono,Noto Sans,Noto Serif,Open Sans Condensed,Roboto,Roboto Condensed,Roboto Mono,Lato,PT Sans,PT Mono,Inconsolata,Fira Code,Inter,JetBrains Mono,Cascadia Code,Cascadia Mono,STIX Two Math
43	U+004C	L	19	Liberation Sans,Liberation Serif,Liberation Mono,Noto Sans,Noto Serif,Open Sans Condensed,Roboto,Roboto Condensed,Roboto Mono,Lato,PT Sans,PT Mono,Inconsolata,Fira Code,Inter,JetBrains Mono,Cascadia Code,Cascadia Mono,STIX Two Math
44	U+004D	M	19	Liberation Sans,Liberation Serif,Liberation Mono,Noto Sans,Noto Serif,Open Sans Condensed,Roboto,Roboto Condensed,Roboto Mono,Lato,PT Sans,PT Mono,Inconsolata,Fira Code,Inter,JetBrains Mono,Cascadia Code,Cascadia Mono,STIX Two Math
45	U+004E	N	19	Liberation Sans,Liberation Serif,Liberation Mono,Noto Sans,Noto Serif,Open Sans Condensed,Roboto,Roboto Condensed,Roboto Mono,Lato,PT Sans,PT Mono,Inconsolata,Fira Code,Inter,JetBrains Mono,Cascadia Code,Cascadia Mono,STIX Two Math
46	U+004F	O	19	Liberation Sans,Liberation Serif,Liberation Mono,Noto Sans,Noto Serif,Open Sans Condensed,Roboto,Roboto Condensed,Roboto Mono,Lato,PT Sans,PT Mono,Inconsolata,Fira Code,Inter,JetBrains Mono,Cascadia Code,Cascadia Mono,STIX Two Math
47	U+0050	P	19	Liberation Sans,Liberation Serif,Liberation Mono,Noto Sans,Noto Serif,Open Sans Condensed,Roboto,Roboto Condensed,Roboto Mono,Lato,PT Sans,PT Mono,Inconsolata,Fira Code,Inter,JetBrains Mono,Cascadia Code,Cascadia Mono,STIX Two Math
48	U+0051	Q	19	Liberation Sans,Liberation Serif,Liberation Mono,Noto Sans,Noto Serif,Open Sans Condensed,Roboto,Roboto Condensed,Roboto Mono,Lato,PT Sans,PT Mono,Inconsolata,Fira Code,Inter,JetBrains Mono,Cascadia Code,Cascadia Mono,STIX Two Math
49	U+0052	R	19	Liberation Sans,Liberation Serif,Liberation Mono,Noto Sans,Noto Serif,Open Sans Condensed,Roboto,Roboto Condensed,Roboto Mono,Lato,PT Sans,PT Mono,Inconsolata,Fira Code,Inter,JetBrains Mono,Cascadia Code,Cascadia Mono,STIX Two Math
50	U+0053	S	19	Liberation Sans,Liberation Serif,Liberation Mono,Noto Sans,Noto Serif,Open Sans Condensed,Roboto,Roboto Condensed,Roboto Mono,Lato,PT Sans,PT Mono,Inconsolata,Fira Code,Inter,JetBrains Mono,Cascadia Code,Cascadia Mono,STIX Two Math
51	U+0054	T	19	Liberation Sans,Liberation Serif,Liberation Mono,Noto Sans,Noto Serif,Open Sans Condensed,Roboto,Roboto Condensed,Roboto Mono,Lato,PT Sans,PT Mono,Inconsolata,Fira Code,Inter,JetBrains Mono,Cascadia Code,Cascadia Mono,STIX Two Math
52	U+0055	U	19	Liberation Sans,Liberation Serif,Liberation Mono,Noto Sans,Noto Serif,Open Sans Condensed,Roboto,Roboto Condensed,Roboto Mono,Lato,PT Sans,PT Mono,Inconsolata,Fira Code,Inter,JetBrains Mono,Cascadia Code,Cascadia Mono,STIX Two Math
53	U+0056	V	19	Liberation Sans,Liberation Serif,Liberation Mono,Noto Sans,Noto Serif,Open Sans Condensed,Roboto,Roboto Condensed,Roboto Mono,Lato,PT Sans,PT Mono,Inconsolata,Fira Code,Inter,JetBrains Mono,Cascadia Code,Cascadia Mono,STIX Two Math
54	U+0057	W	19	Liberation Sans,Liberation Serif,Liberation Mono,Noto Sans,Noto Serif,Open Sans Condensed,Roboto,Roboto Condensed,Roboto Mono,Lato,PT Sans,PT Mono,Inconsolata,Fira Code,Inter,JetBrains Mono,Cascadia Code,Cascadia Mono,STIX Two Math
55	U+0058	X	19	Liberation Sans,Liberation Serif,Liberation Mono,Noto Sans,Noto Serif,Open Sans Condensed,Roboto,Roboto Condensed,Roboto Mono,Lato,PT Sans,PT Mono,Inconsolata,Fira Code,Inter,JetBrains Mono,Cascadia Code,Cascadia Mono,STIX Two Math
56	U+0059	Y	19	Liberation Sans,Liberation Serif,Liberation Mono,Noto Sans,Noto Serif,Open Sans Condensed,Roboto,Roboto Condensed,Roboto Mono,Lato,PT Sans,PT Mono,Inconsolata,Fira Code,Inter,JetBrains Mono,Cascadia Code,Cascadia Mono,STIX Two Math
57	U+005A	Z	19	Liberation Sans,Liberation Serif,Liberation Mono,Noto Sans,Noto Serif,Open Sans Condensed,Roboto,Roboto Condensed,Roboto Mono,Lato,PT Sans,PT Mono,Inconsolata,Fira Code,Inter,JetBrains Mono,Cascadia Code,Cascadia Mono,STIX Two Math
58	U+005B	[	19	Liberation Sans,Liberation Serif,Liberation Mono,Noto Sans,Noto Serif,Open Sans Condensed,Roboto,Roboto Condensed,Roboto Mono,Lato,PT Sans,PT Mono,Inconsolata,Fira Code,Inter,JetBrains Mono,Cascadia Code,Cascadia Mono,STIX Two Math
59	U+005C	\	19	Liberation Sans,Liberation Serif,Liberation Mono,Noto Sans,Noto Serif,Open Sans Condensed,Roboto,Roboto Condensed,Roboto Mono,Lato,PT Sans,PT Mono,Inconsolata,Fira Code,Inter,JetBrains Mono,Cascadia Code,Cascadia Mono,STIX Two Math
60	U+005D	]	19	Liberation Sans,Liberation Serif,Liberation Mono,Noto Sans,Noto Serif,Open Sans Condensed,Roboto,Roboto Condensed,Roboto Mono,Lato,PT Sans,PT Mono,Inconsolata,Fira Code,Inter,JetBrains Mono,Cascadia Code,Cascadia Mono,STIX Two Math
61	U+005E	^	19	Liberation Sans,Liberation Serif,Liberation Mono,Noto Sans,Noto Serif,Open Sans Condensed,Roboto,Roboto Condensed,Roboto Mono,Lato,PT Sans,PT Mono,Inconsolata,Fira Code,Inter,JetBrains Mono,Cascadia Code,Cascadia Mono,STIX Two Math
62	U+005F	_	19	Liberation Sans,Liberation Serif,Liberation Mono,Noto Sans,Noto Serif,Open Sans Condensed,Roboto,Roboto Condensed,Roboto Mono,Lato,PT Sans,PT Mono,Inconsolata,Fira Code,Inter,JetBrains Mono,Cascadia Code,Cascadia Mono,STIX Two Math
63	U+0060	`	19	Liberation Sans,Liberation Serif,Liberation Mono,Noto Sans,Noto Serif,Open Sans Condensed,Roboto,Roboto Condensed,Roboto Mono,Lato,PT Sans,PT Mono,Inconsolata,Fira Code,Inter,JetBrains Mono,Cascadia Code,Cascadia Mono,STIX Two Math
64	U+0061	a	19	Liberation Sans,Liberation Serif,Liberation Mono,Noto Sans,Noto Serif,Open Sans Condensed,Roboto,Roboto Condensed,Roboto Mono,Lato,PT Sans,PT Mono,Inconsolata,Fira Code,Inter,JetBrains Mono,Cascadia Code,Cascadia Mono,STIX Two Math
65	U+0062	b	19	Liberation Sans,Liberation Serif,Liberation Mono,Noto Sans,Noto Serif,Open Sans Condensed,Roboto,Roboto Condensed,Roboto Mono,Lato,PT Sans,PT Mono,Inconsolata,Fira Code,Inter,JetBrains Mono,Cascadia Code,Cascadia Mono,STIX Two Math
66	U+0063	c	19	Liberation Sans,Liberation Serif,Liberation Mono,Noto Sans,Noto Serif,Open Sans Condensed,Roboto,Roboto Condensed,Roboto Mono,Lato,PT Sans,PT Mono,Inconsolata,Fira Code,Inter,JetBrains Mono,Cascadia Code,Cascadia Mono,STIX Two Math
67	U+0064	d	19	Liberation Sans,Liberation Serif,Liberation Mono,Noto Sans,Noto Serif,Open Sans Condensed,Roboto,Roboto Condensed,Roboto Mono,Lato,PT Sans,PT Mono,Inconsolata,Fira Code,Inter,JetBrains Mono,Cascadia Code,Cascadia Mono,STIX Two Math
68	U+0065	e	19	Liberation Sans,Liberation Serif,Liberation Mono,Noto Sans,Noto Serif,Open Sans Condensed,Roboto,Roboto Condensed,Roboto Mono,Lato,PT Sans,PT Mono,Inconsolata,Fira Code,Inter,JetBrains Mono,Cascadia Code,Cascadia Mono,STIX Two Math
69	U+0066	f	19	Liberation Sans,Liberation Serif,Liberation Mono,Noto Sans,Noto Serif,Open Sans Condensed,Roboto,Roboto Condensed,Roboto Mono,Lato,PT Sans,PT Mono,Inconsolata,Fira Code,Inter,JetBrains Mono,Cascadia Code,Cascadia Mono,STIX Two Math
70	U+0067	g	19	Liberation Sans,Liberation Serif,Liberation Mono,Noto Sans,Noto Serif,Open Sans Condensed,Roboto,Roboto Condensed,Roboto Mono,Lato,PT Sans,PT Mono,Inconsolata,Fira Code,Inter,JetBrains Mono,Cascadia Code,Cascadia Mono,STIX Two Math
71	U+0068	h	19	Liberation Sans,Liberation Serif,Liberation Mono,Noto Sans,Noto Serif,Open Sans Condensed,Roboto,Roboto Condensed,Roboto Mono,Lato,PT Sans,PT Mono,Inconsolata,Fira Code,Inter,JetBrains Mono,Cascadia Code,Cascadia Mono,STIX Two Math
72	U+0069	i	19	Liberation Sans,Liberation Serif,Liberation Mono,Noto Sans,Noto Serif,Open Sans Condensed,Roboto,Roboto Condensed,Roboto Mono,Lato,PT Sans,PT Mono,Inconsolata,Fira Code,Inter,JetBrains Mono,Cascadia Code,Cascadia Mono,STIX Two Math
73	U+006A	j	19	Liberation Sans,Liberation Serif,Liberation Mono,Noto Sans,Noto Serif,Open Sans Condensed,Roboto,Roboto Condensed,Roboto Mono,Lato,PT Sans,PT Mono,Inconsolata,Fira Code,Inter,JetBrains Mono,Cascadia Code,Cascadia Mono,STIX Two Math
74	U+006B	k	19	Liberation Sans,Liberation Serif,Liberation Mono,Noto Sans,Noto Serif,Open Sans Condensed,Roboto,Roboto Condensed,Roboto Mono,Lato,PT Sans,PT Mono,Inconsolata,Fira Code,Inter,JetBrains Mono,Cascadia Code,Cascadia Mono,STIX Two Math
75	U+006C	l	19	Liberation Sans,Liberation Serif,Liberation Mono,Noto Sans,Noto Serif,Open Sans Condensed,Roboto,Roboto Condensed,Roboto Mono,Lato,PT Sans,PT Mono,Inconsolata,Fira Code,Inter,JetBrains Mono,Cascadia Code,Cascadia Mono,STIX Two Math
76	U+006D	m	19	Liberation Sans,Liberation Serif,Liberation Mono,Noto Sans,Noto Serif,Open Sans Condensed,Roboto,Roboto Condensed,Roboto Mono,Lato,PT Sans,PT Mono,Inconsolata,Fira Code,Inter,JetBrains Mono,Cascadia Code,Cascadia Mono,STIX Two Math
77	U+006E	n	19	Liberation Sans,Liberation Serif,Liberation Mono,Noto Sans,Noto Serif,Open Sans Condensed,Roboto,Roboto Condensed,Roboto Mono,Lato,PT Sans,PT Mono,Inconsolata,Fira Code,Inter,JetBrains Mono,Cascadia Code,Cascadia Mono,STIX Two Math
78	U+006F	o	19	Liberation Sans,Liberation Serif,Liberation Mono,Noto Sans,Noto Serif,Open Sans Condensed,Roboto,Roboto Condensed,Roboto Mono,Lato,PT Sans,PT Mono,Inconsolata,Fira Code,Inter,JetBrains Mono,Cascadia Code,Cascadia Mono,STIX Two Math
79	U+0070	p	19	Liberation Sans,Liberation Serif,Liberation Mono,Noto Sans,Noto Serif,Open Sans Condensed,Roboto,Roboto Condensed,Roboto Mono,Lato,PT Sans,PT Mono,Inconsolata,Fira Code,Inter,JetBrains Mono,Cascadia Code,Cascadia Mono,STIX Two Math
80	U+0071	q	19	Liberation Sans,Liberation Serif,Liberation Mono,Noto Sans,Noto Serif,Open Sans Condensed,Roboto,Roboto Condensed,Roboto Mono,Lato,PT Sans,PT Mono,Inconsolata,Fira Code,Inter,JetBrains Mono,Cascadia Code,Cascadia Mono,STIX Two Math
81	U+0072	r	19	Liberation Sans,Liberation Serif,Liberation Mono,Noto Sans,Noto Serif,Open Sans Condensed,Roboto,Roboto Condensed,Roboto Mono,Lato,PT Sans,PT Mono,Inconsolata,Fira Code,Inter,JetBrains Mono,Cascadia Code,Cascadia Mono,STIX Two Math
82	U+0073	s	19	Liberation Sans,Liberation Serif,Liberation Mono,Noto Sans,Noto Serif,Open Sans Condensed,Roboto,Roboto Condensed,Roboto Mono,Lato,PT Sans,PT Mono,Inconsolata,Fira Code,Inter,JetBrains Mono,Cascadia Code,Cascadia Mono,STIX Two Math
83	U+0074	t	19	Liberation Sans,Liberation Serif,Liberation Mono,Noto Sans,Noto Serif,Open Sans Condensed,Roboto,Roboto Condensed,Roboto Mono,Lato,PT Sans,PT Mono,Inconsolata,Fira Code,Inter,JetBrains Mono,Cascadia Code,Cascadia Mono,STIX Two Math
84	U+0075	u	19	Liberation Sans,Liberation Serif,Liberation Mono,Noto Sans,Noto Serif,Open Sans Condensed,Roboto,Roboto Condensed,Roboto Mono,Lato,PT Sans,PT Mono,Inconsolata,Fira Code,Inter,JetBrains Mono,Cascadia Code,Cascadia Mono,STIX Two Math
85	U+0076	v	19	Liberation Sans,Liberation Serif,Liberation Mono,Noto Sans,Noto Serif,Open Sans Condensed,Roboto,Roboto Condensed,Roboto Mono,Lato,PT Sans,PT Mono,Inconsolata,Fira Code,Inter,JetBrains Mono,Cascadia Code,Cascadia Mono,STIX Two Math
86	U+0077	w	19	Liberation Sans,Liberation Serif,Liberation Mono,Noto Sans,Noto Serif,Open Sans Condensed,Roboto,Roboto Condensed,Roboto Mono,Lato,PT Sans,PT Mono,Inconsolata,Fira Code,Inter,JetBrains Mono,Cascadia Code,Cascadia Mono,STIX Two Math
87	U+0078	x	19	Liberation Sans,Liberation Serif,Liberation Mono,Noto Sans,Noto Serif,Open Sans Condensed,Roboto,Roboto Condensed,Roboto Mono,Lato,PT Sans,PT Mono,Inconsolata,Fira Code,Inter,JetBrains Mono,Cascadia Code,Cascadia Mono,STIX Two Math
88	U+0079	y	19	Liberation Sans,Liberation Serif,Liberation Mono,Noto Sans,Noto Serif,Open Sans Condensed,Roboto,Roboto Condensed,Roboto Mono,Lato,PT Sans,PT Mono,Inconsolata,Fira Code,Inter,JetBrains Mono,Cascadia Code,Cascadia Mono,STIX Two Math
89	U+007A	z	19	Liberation Sans,Liberation Serif,Liberation Mono,Noto Sans,Noto Serif,Open Sans Condensed,Roboto,Roboto Condensed,Roboto Mono,Lato,PT Sans,PT Mono,Inconsolata,Fira Code,Inter,JetBrains Mono,Cascadia Code,Cascadia Mono,STIX Two Math
90	U+007B	{	19	Liberation Sans,Liberation Serif,Liberation Mono,Noto Sans,Noto Serif,Open Sans Condensed,Roboto,Roboto Condensed,Roboto Mono,Lato,PT Sans,PT Mono,Inconsolata,Fira Code,Inter,JetBrains Mono,Cascadia Code,Cascadia Mono,STIX Two Math
91	U+007C	|	19	Liberation Sans,Liberation Serif,Liberation Mono,Noto Sans,Noto Serif,Open Sans Condensed,Roboto,Roboto Condensed,Roboto Mono,Lato,PT Sans,PT Mono,Inconsolata,Fira Code,Inter,JetBrains Mono,Cascadia Code,Cascadia Mono,STIX Two Math
92	U+007D	}	19	Liberation Sans,Liberation Serif,Liberation Mono,Noto Sans,Noto Serif,Open Sans Condensed,Roboto,Roboto Condensed,Roboto Mono,Lato,PT Sans,PT Mono,Inconsolata,Fira Code,Inter,JetBrains Mono,Cascadia Code,Cascadia Mono,STIX Two Math
93	U+007E	~	19	Liberation Sans,Liberation Serif,Liberation Mono,Noto Sans,Noto Serif,Open Sans Condensed,Roboto,Roboto Condensed,Roboto Mono,Lato,PT Sans,PT Mono,Inconsolata,Fira Code,Inter,JetBrains Mono,Cascadia Code,Cascadia Mono,STIX Two Math
94	U+00D8	Ø	19	Liberation Sans,Liberation Serif,Liberation Mono,Noto Sans,Noto Serif,Open Sans Condensed,Roboto,Roboto Condensed,Roboto Mono,Lato,PT Sans,PT Mono,Inconsolata,Fira Code,Inter,JetBrains Mono,Cascadia Code,Cascadia Mono,STIX Two Math
95	U+2300	⌀	2	Fira Code,STIX Two Math
96	U+00B0	°	19	Liberation Sans,Liberation Serif,Liberation Mono,Noto Sans,Noto Serif,Open Sans Condensed,Roboto,Roboto Condensed,Roboto Mono,Lato,PT Sans,PT Mono,Inconsolata,Fira Code,Inter,JetBrains Mono,Cascadia Code,Cascadia Mono,STIX Two Math
97	U+00B1	±	19	Liberation Sans,Liberation Serif,Liberation Mono,Noto Sans,Noto Serif,Open Sans Condensed,Roboto,Roboto Condensed,Roboto Mono,Lato,PT Sans,PT Mono,Inconsolata,Fira Code,Inter,JetBrains Mono,Cascadia Code,Cascadia Mono,STIX Two Math
98	U+00D7	×	19	Liberation Sans,Liberation Serif,Liberation Mono,Noto Sans,Noto Serif,Open Sans Condensed,Roboto,Roboto Condensed,Roboto Mono,Lato,PT Sans,PT Mono,Inconsolata,Fira Code,Inter,JetBrains Mono,Cascadia Code,Cascadia Mono,STIX Two Math
99	U+00F7	÷	19	Liberation Sans,Liberation Serif,Liberation Mono,Noto Sans,Noto Serif,Open Sans Condensed,Roboto,Roboto Condensed,Roboto Mono,Lato,PT Sans,PT Mono,Inconsolata,Fira Code,Inter,JetBrains Mono,Cascadia Code,Cascadia Mono,STIX Two Math
100	U+221A	√	17	Liberation Sans,Liberation Serif,Liberation Mono,Noto Serif,Open Sans Condensed,Roboto,Roboto Condensed,Roboto Mono,Lato,PT Sans,PT Mono,Fira Code,Inter,JetBrains Mono,Cascadia Code,Cascadia Mono,STIX Two Math
101	U+2264	≤	17	Liberation Sans,Liberation Serif,Liberation Mono,Noto Serif,Open Sans Condensed,Roboto,Roboto Condensed,Roboto Mono,Lato,PT Sans,PT Mono,Fira Code,Inter,JetBrains Mono,Cascadia Code,Cascadia Mono,STIX Two Math
102	U+2265	≥	17	Liberation Sans,Liberation Serif,Liberation Mono,Noto Serif,Open Sans Condensed,Roboto,Roboto Condensed,Roboto Mono,Lato,PT Sans,PT Mono,Fira Code,Inter,JetBrains Mono,Cascadia Code,Cascadia Mono,STIX Two Math
103	U+2248	≈	17	Liberation Sans,Liberation Serif,Liberation Mono,Noto Serif,Open Sans Condensed,Roboto,Roboto Condensed,Roboto Mono,Lato,PT Sans,PT Mono,Fira Code,Inter,JetBrains Mono,Cascadia Code,Cascadia Mono,STIX Two Math
104	U+2260	≠	17	Liberation Sans,Liberation Serif,Liberation Mono,Noto Serif,Open Sans Condensed,Roboto,Roboto Condensed,Roboto Mono,Lato,PT Sans,PT Mono,Fira Code,Inter,JetBrains Mono,Cascadia Code,Cascadia Mono,STIX Two Math
105	U+03A9	Ω	17	Liberation Sans,Liberation Serif,Liberation Mono,Noto Sans,Noto Serif,Open Sans Condensed,Roboto,Roboto Condensed,Roboto Mono,PT Sans,PT Mono,Fira Code,Inter,JetBrains Mono,Cascadia Code,Cascadia Mono,STIX Two Math
106	U+00B5	µ	19	Liberation Sans,Liberation Serif,Liberation Mono,Noto Sans,Noto Serif,Open Sans Condensed,Roboto,Roboto Condensed,Roboto Mono,Lato,PT Sans,PT Mono,Inconsolata,Fira Code,Inter,JetBrains Mono,Cascadia Code,Cascadia Mono,STIX Two Math
107	U+00BC	¼	19	Liberation Sans,Liberation Serif,Liberation Mono,Noto Sans,Noto Serif,Open Sans Condensed,Roboto,Roboto Condensed,Roboto Mono,Lato,PT Sans,PT Mono,Inconsolata,Fira Code,Inter,JetBrains Mono,Cascadia Code,Cascadia Mono,STIX Two Math
108	U+00BD	½	19	Liberation Sans,Liberation Serif,Liberation Mono,Noto Sans,Noto Serif,Open Sans Condensed,Roboto,Roboto Condensed,Roboto Mono,Lato,PT Sans,PT Mono,Inconsolata,Fira Code,Inter,JetBrains Mono,Cascadia Code,Cascadia Mono,STIX Two Math
109	U+00BE	¾	19	Liberation Sans,Liberation Serif,Liberation Mono,Noto Sans,Noto Serif,Open Sans Condensed,Roboto,Roboto Condensed,Roboto Mono,Lato,PT Sans,PT Mono,Inconsolata,Fira Code,Inter,JetBrains Mono,Cascadia Code,Cascadia Mono,STIX Two Math
110	U+00A7	§	19	Liberation Sans,Liberation Serif,Liberation Mono,Noto Sans,Noto Serif,Open Sans Condensed,Roboto,Roboto Condensed,Roboto Mono,Lato,PT Sans,PT Mono,Inconsolata,Fira Code,Inter,JetBrains Mono,Cascadia Code,Cascadia Mono,STIX Two Math
111	U+00B6	¶	19	Liberation Sans,Liberation Serif,Liberation Mono,Noto Sans,Noto Serif,Open Sans Condensed,Roboto,Roboto Condensed,Roboto Mono,Lato,PT Sans,PT Mono,Inconsolata,Fira Code,Inter,JetBrains Mono,Cascadia Code,Cascadia Mono,STIX Two Math
112	U+2020	†	19	Liberation Sans,Liberation Serif,Liberation Mono,Noto Sans,Noto Serif,Open Sans Condensed,Roboto,Roboto Condensed,Roboto Mono,Lato,PT Sans,PT Mono,Inconsolata,Fira Code,Inter,JetBrains Mono,Cascadia Code,Cascadia Mono,STIX Two Math
113	U+2021	‡	19	Liberation Sans,Liberation Serif,Liberation Mono,Noto Sans,Noto Serif,Open Sans Condensed,Roboto,Roboto Condensed,Roboto Mono,Lato,PT Sans,PT Mono,Inconsolata,Fira Code,Inter,JetBrains Mono,Cascadia Code,Cascadia Mono,STIX Two Math
114	U+00A9	©	19	Liberation Sans,Liberation Serif,Liberation Mono,Noto Sans,Noto Serif,Open Sans Condensed,Roboto,Roboto Condensed,Roboto Mono,Lato,PT Sans,PT Mono,Inconsolata,Fira Code,Inter,JetBrains Mono,Cascadia Code,Cascadia Mono,STIX Two Math
115	U+00AE	®	19	Liberation Sans,Liberation Serif,Liberation Mono,Noto Sans,Noto Serif,Open Sans Condensed,Roboto,Roboto Condensed,Roboto Mono,Lato,PT Sans,PT Mono,Inconsolata,Fira Code,Inter,JetBrains Mono,Cascadia Code,Cascadia Mono,STIX Two Math
116	U+2122	™	19	Liberation Sans,Liberation Serif,Liberation Mono,Noto Sans,Noto Serif,Open Sans Condensed,Roboto,Roboto Condensed,Roboto Mono,Lato,PT Sans,PT Mono,Inconsolata,Fira Code,Inter,JetBrains Mono,Cascadia Code,Cascadia Mono,STIX Two Math
117	U+2030	‰	18	Liberation Sans,Liberation Serif,Liberation Mono,Noto Sans,Noto Serif,Open Sans Condensed,Roboto,Roboto Condensed,Roboto Mono,Lato,PT Sans,PT Mono,Fira Code,Inter,JetBrains Mono,Cascadia Code,Cascadia Mono,STIX Two Math
118	U+00B7	·	19	Liberation Sans,Liberation Serif,Liberation Mono,Noto Sans,Noto Serif,Open Sans Condensed,Roboto,Roboto Condensed,Roboto Mono,Lato,PT Sans,PT Mono,Inconsolata,Fira Code,Inter,JetBrains Mono,Cascadia Code,Cascadia Mono,STIX Two Math
119	U+2022	•	19	Liberation Sans,Liberation Serif,Liberation Mono,Noto Sans,Noto Serif,Open Sans Condensed,Roboto,Roboto Condensed,Roboto Mono,Lato,PT Sans,PT Mono,Inconsolata,Fira Code,Inter,JetBrains Mono,Cascadia Code,Cascadia Mono,STIX Two Math
120	U+2013	–	18	Liberation Sans,Liberation Serif,Liberation Mono,Noto Sans,Noto Serif,Open Sans Condensed,Roboto,Roboto Condensed,Roboto Mono,Lato,PT Sans,PT Mono,Fira Code,Inter,JetBrains Mono,Cascadia Code,Cascadia Mono,STIX Two Math
121	U+2014	—	18	Liberation Sans,Liberation Serif,Liberation Mono,Noto Sans,Noto Serif,Open Sans Condensed,Roboto,Roboto Condensed,Roboto Mono,Lato,PT Sans,PT Mono,Fira Code,Inter,JetBrains Mono,Cascadia Code,Cascadia Mono,STIX Two Math
122	U+2018	‘	19	Liberation Sans,Liberation Serif,Liberation Mono,Noto Sans,Noto Serif,Open Sans Condensed,Roboto,Roboto Condensed,Roboto Mono,Lato,PT Sans,PT Mono,Inconsolata,Fira Code,Inter,JetBrains Mono,Cascadia Code,Cascadia Mono,STIX Two Math
123	U+2019	’	19	Liberation Sans,Liberation Serif,Liberation Mono,Noto Sans,Noto Serif,Open Sans Condensed,Roboto,Roboto Condensed,Roboto Mono,Lato,PT Sans,PT Mono,Inconsolata,Fira Code,Inter,JetBrains Mono,Cascadia Code,Cascadia Mono,STIX Two Math
124	U+201C	“	19	Liberation Sans,Liberation Serif,Liberation Mono,Noto Sans,Noto Serif,Open Sans Condensed,Roboto,Roboto Condensed,Roboto Mono,Lato,PT Sans,PT Mono,Inconsolata,Fira Code,Inter,JetBrains Mono,Cascadia Code,Cascadia Mono,STIX Two Math
125	U+201D	”	19	Liberation Sans,Liberation Serif,Liberation Mono,Noto Sans,Noto Serif,Open Sans Condensed,Roboto,Roboto Condensed,Roboto Mono,Lato,PT Sans,PT Mono,Inconsolata,Fira Code,Inter,JetBrains Mono,Cascadia Code,Cascadia Mono,STIX Two Math
126	U+2026	…	19	Liberation Sans,Liberation Serif,Liberation Mono,Noto Sans,Noto Serif,Open Sans Condensed,Roboto,Roboto Condensed,Roboto Mono,Lato,PT Sans,PT Mono,Inconsolata,Fira Code,Inter,JetBrains Mono,Cascadia Code,Cascadia Mono,STIX Two Math
127	U+00A2	¢	19	Liberation Sans,Liberation Serif,Liberation Mono,Noto Sans,Noto Serif,Open Sans Condensed,Roboto,Roboto Condensed,Roboto Mono,Lato,PT Sans,PT Mono,Inconsolata,Fira Code,Inter,JetBrains Mono,Cascadia Code,Cascadia Mono,STIX Two Math
128	U+00A3	£	19	Liberation Sans,Liberation Serif,Liberation Mono,Noto Sans,Noto Serif,Open Sans Condensed,Roboto,Roboto Condensed,Roboto Mono,Lato,PT Sans,PT Mono,Inconsolata,Fira Code,Inter,JetBrains Mono,Cascadia Code,Cascadia Mono,STIX Two Math
129	U+20AC	€	19	Liberation Sans,Liberation Serif,Liberation Mono,Noto Sans,Noto Serif,Open Sans Condensed,Roboto,Roboto Condensed,Roboto Mono,Lato,PT Sans,PT Mono,Inconsolata,Fira Code,Inter,JetBrains Mono,Cascadia Code,Cascadia Mono,STIX Two Math
130	U+00A5	¥	19	Liberation Sans,Liberation Serif,Liberation Mono,Noto Sans,Noto Serif,Open Sans Condensed,Roboto,Roboto Condensed,Roboto Mono,Lato,PT Sans,PT Mono,Inconsolata,Fira Code,Inter,JetBrains Mono,Cascadia Code,Cascadia Mono,STIX Two Math
131	U+00C0	À	19	Liberation Sans,Liberation Serif,Liberation Mono,Noto Sans,Noto Serif,Open Sans Condensed,Roboto,Roboto Condensed,Roboto Mono,Lato,PT Sans,PT Mono,Inconsolata,Fira Code,Inter,JetBrains Mono,Cascadia Code,Cascadia Mono,STIX Two Math
132	U+00C1	Á	19	Liberation Sans,Liberation Serif,Liberation Mono,Noto Sans,Noto Serif,Open Sans Condensed,Roboto,Roboto Condensed,Roboto Mono,Lato,PT Sans,PT Mono,Inconsolata,Fira Code,Inter,JetBrains Mono,Cascadia Code,Cascadia Mono,STIX Two Math
133	U+00C2	Â	19	Liberation Sans,Liberation Serif,Liberation Mono,Noto Sans,Noto Serif,Open Sans Condensed,Roboto,Roboto Condensed,Roboto Mono,Lato,PT Sans,PT Mono,Inconsolata,Fira Code,Inter,JetBrains Mono,Cascadia Code,Cascadia Mono,STIX Two Math
134	U+00C3	Ã	19	Liberation Sans,Liberation Serif,Liberation Mono,Noto Sans,Noto Serif,Open Sans Condensed,Roboto,Roboto Condensed,Roboto Mono,Lato,PT Sans,PT Mono,Inconsolata,Fira Code,Inter,JetBrains Mono,Cascadia Code,Cascadia Mono,STIX Two Math
135	U+00C4	Ä	19	Liberation Sans,Liberation Serif,Liberation Mono,Noto Sans,Noto Serif,Open Sans Condensed,Roboto,Roboto Condensed,Roboto Mono,Lato,PT Sans,PT Mono,Inconsolata,Fira Code,Inter,JetBrains Mono,Cascadia Code,Cascadia Mono,STIX Two Math
136	U+00C5	Å	19	Liberation Sans,Liberation Serif,Liberation Mono,Noto Sans,Noto Serif,Open Sans Condensed,Roboto,Roboto Condensed,Roboto Mono,Lato,PT Sans,PT Mono,Inconsolata,Fira Code,Inter,JetBrains Mono,Cascadia Code,Cascadia Mono,STIX Two Math
137	U+00C6	Æ	19	Liberation Sans,Liberation Serif,Liberation Mono,Noto Sans,Noto Serif,Open Sans Condensed,Roboto,Roboto Condensed,Roboto Mono,Lato,PT Sans,PT Mono,Inconsolata,Fira Code,Inter,JetBrains Mono,Cascadia Code,Cascadia Mono,STIX Two Math
138	U+00C7	Ç	19	Liberation Sans,Liberation Serif,Liberation Mono,Noto Sans,Noto Serif,Open Sans Condensed,Roboto,Roboto Condensed,Roboto Mono,Lato,PT Sans,PT Mono,Inconsolata,Fira Code,Inter,JetBrains Mono,Cascadia Code,Cascadia Mono,STIX Two Math
139	U+00C8	È	19	Liberation Sans,Liberation Serif,Liberation Mono,Noto Sans,Noto Serif,Open Sans Condensed,Roboto,Roboto Condensed,Roboto Mono,Lato,PT Sans,PT Mono,Inconsolata,Fira Code,Inter,JetBrains Mono,Cascadia Code,Cascadia Mono,STIX Two Math
140	U+00C9	É	19	Liberation Sans,Liberation Serif,Liberation Mono,Noto Sans,Noto Serif,Open Sans Condensed,Roboto,Roboto Condensed,Roboto Mono,Lato,PT Sans,PT Mono,Inconsolata,Fira Code,Inter,JetBrains Mono,Cascadia Code,Cascadia Mono,STIX Two Math
141	U+00CA	Ê	19	Liberation Sans,Liberation Serif,Liberation Mono,Noto Sans,Noto Serif,Open Sans Condensed,Roboto,Roboto Condensed,Roboto Mono,Lato,PT Sans,PT Mono,Inconsolata,Fira Code,Inter,JetBrains Mono,Cascadia Code,Cascadia Mono,STIX Two Math
142	U+00CB	Ë	19	Liberation Sans,Liberation Serif,Liberation Mono,Noto Sans,Noto Serif,Open Sans Condensed,Roboto,Roboto Condensed,Roboto Mono,Lato,PT Sans,PT Mono,Inconsolata,Fira Code,Inter,JetBrains Mono,Cascadia Code,Cascadia Mono,STIX Two Math
143	U+00CC	Ì	19	Liberation Sans,Liberation Serif,Liberation Mono,Noto Sans,Noto Serif,Open Sans Condensed,Roboto,Roboto Condensed,Roboto Mono,Lato,PT Sans,PT Mono,Inconsolata,Fira Code,Inter,JetBrains Mono,Cascadia Code,Cascadia Mono,STIX Two Math
144	U+00CD	Í	19	Liberation Sans,Liberation Serif,Liberation Mono,Noto Sans,Noto Serif,Open Sans Condensed,Roboto,Roboto Condensed,Roboto Mono,Lato,PT Sans,PT Mono,Inconsolata,Fira Code,Inter,JetBrains Mono,Cascadia Code,Cascadia Mono,STIX Two Math
145	U+00CE	Î	19	Liberation Sans,Liberation Serif,Liberation Mono,Noto Sans,Noto Serif,Open Sans Condensed,Roboto,Roboto Condensed,Roboto Mono,Lato,PT Sans,PT Mono,Inconsolata,Fira Code,Inter,JetBrains Mono,Cascadia Code,Cascadia Mono,STIX Two Math
146	U+00CF	Ï	19	Liberation Sans,Liberation Serif,Liberation Mono,Noto Sans,Noto Serif,Open Sans Condensed,Roboto,Roboto Condensed,Roboto Mono,Lato,PT Sans,PT Mono,Inconsolata,Fira Code,Inter,JetBrains Mono,Cascadia Code,Cascadia Mono,STIX Two Math
147	U+00D1	Ñ	19	Liberation Sans,Liberation Serif,Liberation Mono,Noto Sans,Noto Serif,Open Sans Condensed,Roboto,Roboto Condensed,Roboto Mono,Lato,PT Sans,PT Mono,Inconsolata,Fira Code,Inter,JetBrains Mono,Cascadia Code,Cascadia Mono,STIX Two Math
148	U+00D2	Ò	19	Liberation Sans,Liberation Serif,Liberation Mono,Noto Sans,Noto Serif,Open Sans Condensed,Roboto,Roboto Condensed,Roboto Mono,Lato,PT Sans,PT Mono,Inconsolata,Fira Code,Inter,JetBrains Mono,Cascadia Code,Cascadia Mono,STIX Two Math
149	U+00D3	Ó	19	Liberation Sans,Liberation Serif,Liberation Mono,Noto Sans,Noto Serif,Open Sans Condensed,Roboto,Roboto Condensed,Roboto Mono,Lato,PT Sans,PT Mono,Inconsolata,Fira Code,Inter,JetBrains Mono,Cascadia Code,Cascadia Mono,STIX Two Math
150	U+00D4	Ô	19	Liberation Sans,Liberation Serif,Liberation Mono,Noto Sans,Noto Serif,Open Sans Condensed,Roboto,Roboto Condensed,Roboto Mono,Lato,PT Sans,PT Mono,Inconsolata,Fira Code,Inter,JetBrains Mono,Cascadia Code,Cascadia Mono,STIX Two Math
151	U+00D5	Õ	19	Liberation Sans,Liberation Serif,Liberation Mono,Noto Sans,Noto Serif,Open Sans Condensed,Roboto,Roboto Condensed,Roboto Mono,Lato,PT Sans,PT Mono,Inconsolata,Fira Code,Inter,JetBrains Mono,Cascadia Code,Cascadia Mono,STIX Two Math
152	U+00D6	Ö	19	Liberation Sans,Liberation Serif,Liberation Mono,Noto Sans,Noto Serif,Open Sans Condensed,Roboto,Roboto Condensed,Roboto Mono,Lato,PT Sans,PT Mono,Inconsolata,Fira Code,Inter,JetBrains Mono,Cascadia Code,Cascadia Mono,STIX Two Math
153	U+00D9	Ù	19	Liberation Sans,Liberation Serif,Liberation Mono,Noto Sans,Noto Serif,Open Sans Condensed,Roboto,Roboto Condensed,Roboto Mono,Lato,PT Sans,PT Mono,Inconsolata,Fira Code,Inter,JetBrains Mono,Cascadia Code,Cascadia Mono,STIX Two Math
154	U+00DA	Ú	19	Liberation Sans,Liberation Serif,Liberation Mono,Noto Sans,Noto Serif,Open Sans Condensed,Roboto,Roboto Condensed,Roboto Mono,Lato,PT Sans,PT Mono,Inconsolata,Fira Code,Inter,JetBrains Mono,Cascadia Code,Cascadia Mono,STIX Two Math
155	U+00DB	Û	19	Liberation Sans,Liberation Serif,Liberation Mono,Noto Sans,Noto Serif,Open Sans Condensed,Roboto,Roboto Condensed,Roboto Mono,Lato,PT Sans,PT Mono,Inconsolata,Fira Code,Inter,JetBrains Mono,Cascadia Code,Cascadia Mono,STIX Two Math
156	U+00DC	Ü	19	Liberation Sans,Liberation Serif,Liberation Mono,Noto Sans,Noto Serif,Open Sans Condensed,Roboto,Roboto Condensed,Roboto Mono,Lato,PT Sans,PT Mono,Inconsolata,Fira Code,Inter,JetBrains Mono,Cascadia Code,Cascadia Mono,STIX Two Math
157	U+00DD	Ý	19	Liberation Sans,Liberation Serif,Liberation Mono,Noto Sans,Noto Serif,Open Sans Condensed,Roboto,Roboto Condensed,Roboto Mono,Lato,PT Sans,PT Mono,Inconsolata,Fira Code,Inter,JetBrains Mono,Cascadia Code,Cascadia Mono,STIX Two Math
158	U+00DF	ß	19	Liberation Sans,Liberation Serif,Liberation Mono,Noto Sans,Noto Serif,Open Sans Condensed,Roboto,Roboto Condensed,Roboto Mono,Lato,PT Sans,PT Mono,Inconsolata,Fira Code,Inter,JetBrains Mono,Cascadia Code,Cascadia Mono,STIX Two Math
159	U+00E0	à	19	Liberation Sans,Liberation Serif,Liberation Mono,Noto Sans,Noto Serif,Open Sans Condensed,Roboto,Roboto Condensed,Roboto Mono,Lato,PT Sans,PT Mono,Inconsolata,Fira Code,Inter,JetBrains Mono,Cascadia Code,Cascadia Mono,STIX Two Math
160	U+00E1	á	19	Liberation Sans,Liberation Serif,Liberation Mono,Noto Sans,Noto Serif,Open Sans Condensed,Roboto,Roboto Condensed,Roboto Mono,Lato,PT Sans,PT Mono,Inconsolata,Fira Code,Inter,JetBrains Mono,Cascadia Code,Cascadia Mono,STIX Two Math
161	U+00E2	â	19	Liberation Sans,Liberation Serif,Liberation Mono,Noto Sans,Noto Serif,Open Sans Condensed,Roboto,Roboto Condensed,Roboto Mono,Lato,PT Sans,PT Mono,Inconsolata,Fira Code,Inter,JetBrains Mono,Cascadia Code,Cascadia Mono,STIX Two Math
162	U+00E3	ã	19	Liberation Sans,Liberation Serif,Liberation Mono,Noto Sans,Noto Serif,Open Sans Condensed,Roboto,Roboto Condensed,Roboto Mono,Lato,PT Sans,PT Mono,Inconsolata,Fira Code,Inter,JetBrains Mono,Cascadia Code,Cascadia Mono,STIX Two Math
163	U+00E4	ä	19	Liberation Sans,Liberation Serif,Liberation Mono,Noto Sans,Noto Serif,Open Sans Condensed,Roboto,Roboto Condensed,Roboto Mono,Lato,PT Sans,PT Mono,Inconsolata,Fira Code,Inter,JetBrains Mono,Cascadia Code,Cascadia Mono,STIX Two Math
164	U+00E5	å	19	Liberation Sans,Liberation Serif,Liberation Mono,Noto Sans,Noto Serif,Open Sans Condensed,Roboto,Roboto Condensed,Roboto Mono,Lato,PT Sans,PT Mono,Inconsolata,Fira Code,Inter,JetBrains Mono,Cascadia Code,Cascadia Mono,STIX Two Math
165	U+00E6	æ	19	Liberation Sans,Liberation Serif,Liberation Mono,Noto Sans,Noto Serif,Open Sans Condensed,Roboto,Roboto Condensed,Roboto Mono,Lato,PT Sans,PT Mono,Inconsolata,Fira Code,Inter,JetBrains Mono,Cascadia Code,Cascadia Mono,STIX Two Math
166	U+00E7	ç	19	Liberation Sans,Liberation Serif,Liberation Mono,Noto Sans,Noto Serif,Open Sans Condensed,Roboto,Roboto Condensed,Roboto Mono,Lato,PT Sans,PT Mono,Inconsolata,Fira Code,Inter,JetBrains Mono,Cascadia Code,Cascadia Mono,STIX Two Math
167	U+00E8	è	19	Liberation Sans,Liberation Serif,Liberation Mono,Noto Sans,Noto Serif,Open Sans Condensed,Roboto,Roboto Condensed,Roboto Mono,Lato,PT Sans,PT Mono,Inconsolata,Fira Code,Inter,JetBrains Mono,Cascadia Code,Cascadia Mono,STIX Two Math
168	U+00E9	é	19	Liberation Sans,Liberation Serif,Liberation Mono,Noto Sans,Noto Serif,Open Sans Condensed,Roboto,Roboto Condensed,Roboto Mono,Lato,PT Sans,PT Mono,Inconsolata,Fira Code,Inter,JetBrains Mono,Cascadia Code,Cascadia Mono,STIX Two Math
169	U+00EA	ê	19	Liberation Sans,Liberation Serif,Liberation Mono,Noto Sans,Noto Serif,Open Sans Condensed,Roboto,Roboto Condensed,Roboto Mono,Lato,PT Sans,PT Mono,Inconsolata,Fira Code,Inter,JetBrains Mono,Cascadia Code,Cascadia Mono,STIX Two Math
170	U+00EB	ë	19	Liberation Sans,Liberation Serif,Liberation Mono,Noto Sans,Noto Serif,Open Sans Condensed,Roboto,Roboto Condensed,Roboto Mono,Lato,PT Sans,PT Mono,Inconsolata,Fira Code,Inter,JetBrains Mono,Cascadia Code,Cascadia Mono,STIX Two Math
171	U+00EC	ì	19	Liberation Sans,Liberation Serif,Liberation Mono,Noto Sans,Noto Serif,Open Sans Condensed,Roboto,Roboto Condensed,Roboto Mono,Lato,PT Sans,PT Mono,Inconsolata,Fira Code,Inter,JetBrains Mono,Cascadia Code,Cascadia Mono,STIX Two Math
172	U+00ED	í	19	Liberation Sans,Liberation Serif,Liberation Mono,Noto Sans,Noto Serif,Open Sans Condensed,Roboto,Roboto Condensed,Roboto Mono,Lato,PT Sans,PT Mono,Inconsolata,Fira Code,Inter,JetBrains Mono,Cascadia Code,Cascadia Mono,STIX Two Math
173	U+00EE	î	19	Liberation Sans,Liberation Serif,Liberation Mono,Noto Sans,Noto Serif,Open Sans Condensed,Roboto,Roboto Condensed,Roboto Mono,Lato,PT Sans,PT Mono,Inconsolata,Fira Code,Inter,JetBrains Mono,Cascadia Code,Cascadia Mono,STIX Two Math
174	U+00EF	ï	19	Liberation Sans,Liberation Serif,Liberation Mono,Noto Sans,Noto Serif,Open Sans Condensed,Roboto,Roboto Condensed,Roboto Mono,Lato,PT Sans,PT Mono,Inconsolata,Fira Code,Inter,JetBrains Mono,Cascadia Code,Cascadia Mono,STIX Two Math
175	U+00F1	ñ	19	Liberation Sans,Liberation Serif,Liberation Mono,Noto Sans,Noto Serif,Open Sans Condensed,Roboto,Roboto Condensed,Roboto Mono,Lato,PT Sans,PT Mono,Inconsolata,Fira Code,Inter,JetBrains Mono,Cascadia Code,Cascadia Mono,STIX Two Math
176	U+00F2	ò	19	Liberation Sans,Liberation Serif,Liberation Mono,Noto Sans,Noto Serif,Open Sans Condensed,Roboto,Roboto Condensed,Roboto Mono,Lato,PT Sans,PT Mono,Inconsolata,Fira Code,Inter,JetBrains Mono,Cascadia Code,Cascadia Mono,STIX Two Math
177	U+00F3	ó	19	Liberation Sans,Liberation Serif,Liberation Mono,Noto Sans,Noto Serif,Open Sans Condensed,Roboto,Roboto Condensed,Roboto Mono,Lato,PT Sans,PT Mono,Inconsolata,Fira Code,Inter,JetBrains Mono,Cascadia Code,Cascadia Mono,STIX Two Math
178	U+00F4	ô	19	Liberation Sans,Liberation Serif,Liberation Mono,Noto Sans,Noto Serif,Open Sans Condensed,Roboto,Roboto Condensed,Roboto Mono,Lato,PT Sans,PT Mono,Inconsolata,Fira Code,Inter,JetBrains Mono,Cascadia Code,Cascadia Mono,STIX Two Math
179	U+00F5	õ	19	Liberation Sans,Liberation Serif,Liberation Mono,Noto Sans,Noto Serif,Open Sans Condensed,Roboto,Roboto Condensed,Roboto Mono,Lato,PT Sans,PT Mono,Inconsolata,Fira Code,Inter,JetBrains Mono,Cascadia Code,Cascadia Mono,STIX Two Math
180	U+00F6	ö	19	Liberation Sans,Liberation Serif,Liberation Mono,Noto Sans,Noto Serif,Open Sans Condensed,Roboto,Roboto Condensed,Roboto Mono,Lato,PT Sans,PT Mono,Inconsolata,Fira Code,Inter,JetBrains Mono,Cascadia Code,Cascadia Mono,STIX Two Math
181	U+00F9	ù	19	Liberation Sans,Liberation Serif,Liberation Mono,Noto Sans,Noto Serif,Open Sans Condensed,Roboto,Roboto Condensed,Roboto Mono,Lato,PT Sans,PT Mono,Inconsolata,Fira Code,Inter,JetBrains Mono,Cascadia Code,Cascadia Mono,STIX Two Math
182	U+00FA	ú	19	Liberation Sans,Liberation Serif,Liberation Mono,Noto Sans,Noto Serif,Open Sans Condensed,Roboto,Roboto Condensed,Roboto Mono,Lato,PT Sans,PT Mono,Inconsolata,Fira Code,Inter,JetBrains Mono,Cascadia Code,Cascadia Mono,STIX Two Math
183	U+00FB	û	19	Liberation Sans,Liberation Serif,Liberation Mono,Noto Sans,Noto Serif,Open Sans Condensed,Roboto,Roboto Condensed,Roboto Mono,Lato,PT Sans,PT Mono,Inconsolata,Fira Code,Inter,JetBrains Mono,Cascadia Code,Cascadia Mono,STIX Two Math
184	U+00FC	ü	19	Liberation Sans,Liberation Serif,Liberation Mono,Noto Sans,Noto Serif,Open Sans Condensed,Roboto,Roboto Condensed,Roboto Mono,Lato,PT Sans,PT Mono,Inconsolata,Fira Code,Inter,JetBrains Mono,Cascadia Code,Cascadia Mono,STIX Two Math
185	U+00FD	ý	19	Liberation Sans,Liberation Serif,Liberation Mono,Noto Sans,Noto Serif,Open Sans Condensed,Roboto,Roboto Condensed,Roboto Mono,Lato,PT Sans,PT Mono,Inconsolata,Fira Code,Inter,JetBrains Mono,Cascadia Code,Cascadia Mono,STIX Two Math
186	U+00FF	ÿ	19	Liberation Sans,Liberation Serif,Liberation Mono,Noto Sans,Noto Serif,Open Sans Condensed,Roboto,Roboto Condensed,Roboto Mono,Lato,PT Sans,PT Mono,Inconsolata,Fira Code,Inter,JetBrains Mono,Cascadia Code,Cascadia Mono,STIX Two Math
