#shard	row
train-00000-of-00008.parquet	000000
train-00000-of-00008.parquet	000011
train-00000-of-00008.parquet	000022
train-00000-of-00008.parquet	000033
train-00000-of-00008.parquet	000044
train-00000-of-00008.parquet	000055
train-00000-of-00008.parquet	000066
train-00000-of-00008.parquet	000077
train-00000-of-00008.parquet	000088
train-00000-of-00008.parquet	000099
train-00000-of-00008.parquet	000110
train-00000-of-00008.parquet	000121
train-00000-of-00008.parquet	000132
train-00000-of-00008.parquet	000143
train-00000-of-00008.parquet	000154
train-00000-of-00008.parquet	000165
train-00000-of-00008.parquet	000176
train-00000-of-00008.parquet	000187
train-00000-of-00008.parquet	000198
train-00000-of-00008.parquet	000209
train-00000-of-00008.parquet	000220
train-00000-of-00008.parquet	000231
train-00000-of-00008.parquet	000242
train-00000-of-00008.parquet	000253
train-00000-of-00008.parquet	000264
train-00000-of-00008.parquet	000275
train-00000-of-00008.parquet	000286
train-00000-of-00008.parquet	000297
train-00000-of-00008.parquet	000308
train-00000-of-00008.parquet	000319
train-00000-of-00008.parquet	000330
train-00000-of-00008.parquet	000341
train-00000-of-00008.parquet	000352
train-00000-of-00008.parquet	000363
train-00000-of-00008.parquet	000374
train-00000-of-00008.parquet	000385
train-00000-of-00008.parquet	000396
train-00000-of-00008.parquet	000407
train-00000-of-00008.parquet	000418
train-00000-of-00008.parquet	000429
train-00000-of-00008.parquet	000440
train-00000-of-00008.parquet	000451
train-00000-of-00008.parquet	000462
train-00000-of-00008.parquet	000473
train-00000-of-00008.parquet	000484
train-00000-of-00008.parquet	000495
train-00000-of-00008.parquet	000517
train-00000-of-00008.parquet	000528
train-00000-of-00008.parquet	000539
train-00000-of-00008.parquet	000550
train-00000-of-00008.parquet	000561
train-00000-of-00008.parquet	000572
train-00000-of-00008.parquet	000583
train-00000-of-00008.parquet	000594
train-00000-of-00008.parquet	000605
train-00000-of-00008.parquet	000616
train-00000-of-00008.parquet	000627
train-00000-of-00008.parquet	000638
train-00000-of-00008.parquet	000660
train-00000-of-00008.parquet	000671
