#stem	fold	cluster_id
filing__s0__r000389	A	2
filing__s0__r000534	B	3
filing__s0__r000830	A	4
filing__s0__r000917	B	5
filing__s0__r000991	A	6
filing__s1__r000045	B	7
filing__s1__r000070	A	8
filing__s1__r000117	B	9
filing__s1__r000145	A	10
filing__s1__r000166	B	11
filing__s1__r000187	A	12
filing__s1__r000209	B	13
filing__s1__r000226	A	14
filing__s1__r000253	B	15
filing__s1__r000293	A	16
filing__s1__r000320	B	17
filing__s1__r000334	A	18
filing__s1__r000356	B	19
filing__s1__r000379	A	20
filing__s1__r000432	B	21
filing__s1__r000458	A	22
filing__s1__r000490	B	23
filing__s1__r000517	A	24
filing__s1__r000544	B	25
filing__s1__r000600	A	26
filing__s1__r000636	B	27
filing__s1__r000664	A	28
filing__s1__r000670	B	29
filing__s1__r000684	A	30
filing__s1__r000711	B	31
filing__s1__r000761	A	32
filing__s1__r000803	B	33
filing__s1__r000829	A	34
filing__s1__r000843	B	35
filing__s1__r000873	A	36
filing__s1__r000897	B	37
filing__s1__r000957	A	38
filing__s2__r000007	B	39
filing__s2__r000029	A	40
filing__s2__r000066	B	41
filing__s2__r000101	A	42
filing__s2__r000137	B	43
filing__s2__r000168	A	44
filing__s2__r000284	B	45
filing__s2__r000341	A	46
filing__s2__r000420	B	47
filing__s2__r000441	A	48
filing__s2__r000476	B	49
filing__s2__r000610	A	50
filing__s2__r000621	B	51
filing__s2__r000741	A	52
filing__s2__r000862	B	53
filing__s2__r000916	A	54
filing__s3__r000014	B	55
filing__s3__r000048	A	56
filing__s3__r000074	B	57
filing__s3__r000260	A	58
filing__s3__r000338	B	59
filing__s3__r000402	A	60
filing__s4__r000767	B	61
filing__s4__r000782	A	62
filing__s4__r000833	B	63
filing__s4__r000886	A	64
filing__s4__r000923	B	65
filing__s4__r000964	A	66
filing__s5__r000045	B	67
filing__s5__r000149	A	68
filing__s5__r000165	B	69
filing__s5__r000235	A	70
filing__s5__r000259	B	71
filing__s5__r000292	A	72
filing__s5__r000350	B	73
filing__s5__r000371	A	74
filing__s5__r000406	B	75
filing__s5__r000555	A	76
filing__s5__r000607	B	77
filing__s5__r000666	A	78
filing__s5__r000704	B	79
filing__s5__r000800	A	80
filing__s5__r000844	B	81
filing__s5__r000894	A	82
filing__s5__r000927	B	83
filing__s6__r000106	A	84
filing__s6__r000130	B	85
filing__s6__r000179	A	86
filing__s6__r000241	B	87
filing__s6__r000595	A	88
filing__s6__r000677	B	89
filing__s6__r000785	A	90
filing__s6__r000868	B	91
filing__s7__r000202	A	92
filing__s7__r000313	B	93
filing__s7__r000417	A	94
filing__s7__r000473	A	0
filing__s7__r000489	B	1
filing__s7__r000519	B	95
filing__s7__r000578	A	96
filing__s7__r000608	B	97
filing__s7__r000648	A	98
filing__s7__r000716	A	0
filing__s7__r000729	A	0
filing__s7__r000762	B	1
filing__s7__r000770	B	1
filing__s7__r000810	B	99
filing__s7__r000833	A	100
filing__s7__r000898	B	101
filing__s7__r000941	A	102
